<?xml version="1.0" encoding="UTF-8"?>
<metadata xml:lang="zh"><Esri><CreaDate>20241030</CreaDate><CreaTime>15570600</CreaTime><ArcGISFormat>1.0</ArcGISFormat><SyncOnce>TRUE</SyncOnce><DataProperties><lineage><Process ToolSource="d:\arcgis\anzhuanglujing\desktop10.6\ArcToolbox\Toolboxes\Data Management Tools.tbx\CreateFeatureclass" Date="20241030" Time="155706">CreateFeatureclass E:\旱涝急转\数据处理\标注差椭圆\涝转旱\SDE 2001_SDE.shp POLYGON # DISABLED DISABLED "PROJCS['WGS_1984_Albers',GEOGCS['GCS_WGS_1984',DATUM['D_WGS_1984',SPHEROID['WGS_1984',6378137.0,298.257223563]],PRIMEM['Greenwich',0.0],UNIT['Degree',0.0174532925199433]],PROJECTION['Albers'],PARAMETER['false_easting',0.0],PARAMETER['false_northing',0.0],PARAMETER['central_meridian',105.0],PARAMETER['standard_parallel_1',25.0],PARAMETER['standard_parallel_2',47.0],PARAMETER['latitude_of_origin',0.0],UNIT['Meter',1.0]];-17330600 -4694200 259864033.984426;-100000 10000;-100000 10000;0.001;0.001;0.001;IsHighPrecision" # 0 0 0</Process><Process ToolSource="d:\arcgis\anzhuanglujing\desktop10.6\ArcToolbox\Toolboxes\Data Management Tools.tbx\AddField" Date="20241030" Time="155706">AddField E:\旱涝急转\数据处理\标注差椭圆\涝转旱\SDE\2001_SDE.shp CenterX DOUBLE # # # # NULLABLE NON_REQUIRED #</Process><Process ToolSource="d:\arcgis\anzhuanglujing\desktop10.6\ArcToolbox\Toolboxes\Data Management Tools.tbx\AddField" Date="20241030" Time="155706">AddField E:\旱涝急转\数据处理\标注差椭圆\涝转旱\SDE\2001_SDE.shp CenterY DOUBLE # # # # NULLABLE NON_REQUIRED #</Process><Process ToolSource="d:\arcgis\anzhuanglujing\desktop10.6\ArcToolbox\Toolboxes\Data Management Tools.tbx\AddField" Date="20241030" Time="155707">AddField E:\旱涝急转\数据处理\标注差椭圆\涝转旱\SDE\2001_SDE.shp XStdDist DOUBLE # # # # NULLABLE NON_REQUIRED #</Process><Process ToolSource="d:\arcgis\anzhuanglujing\desktop10.6\ArcToolbox\Toolboxes\Data Management Tools.tbx\AddField" Date="20241030" Time="155707">AddField E:\旱涝急转\数据处理\标注差椭圆\涝转旱\SDE\2001_SDE.shp YStdDist DOUBLE # # # # NULLABLE NON_REQUIRED #</Process><Process ToolSource="d:\arcgis\anzhuanglujing\desktop10.6\ArcToolbox\Toolboxes\Data Management Tools.tbx\AddField" Date="20241030" Time="155707">AddField E:\旱涝急转\数据处理\标注差椭圆\涝转旱\SDE\2001_SDE.shp Rotation DOUBLE # # # # NULLABLE NON_REQUIRED #</Process><Process ToolSource="d:\arcgis\anzhuanglujing\desktop10.6\ArcToolbox\Toolboxes\Spatial Statistics Tools.tbx\DirectionalDistribution" Date="20241030" Time="155707">DirectionalDistribution E:\旱涝急转\数据处理\标注差椭圆\涝转旱\涝转旱事件\2001.shp E:\旱涝急转\数据处理\标注差椭圆\涝转旱\SDE\2001_SDE.shp 1_STANDARD_DEVIATION # #</Process></lineage></DataProperties></Esri></metadata>
