<?xml version="1.0" encoding="UTF-8"?>
<metadata xml:lang="zh"><Esri><CreaDate>20241030</CreaDate><CreaTime>16363600</CreaTime><ArcGISFormat>1.0</ArcGISFormat><SyncOnce>TRUE</SyncOnce><DataProperties><lineage><Process ToolSource="d:\arcgis\anzhuanglujing\desktop10.6\ArcToolbox\Toolboxes\Data Management Tools.tbx\CreateFeatureclass" Date="20241030" Time="163636">CreateFeatureclass E:\旱涝急转\数据处理\标注差椭圆\涝转旱\平均中心合并线 线2003_2009.shp POLYLINE # DISABLED DISABLED "PROJCS['WGS_1984_Albers',GEOGCS['GCS_WGS_1984',DATUM['D_WGS_1984',SPHEROID['WGS_1984',6378137.0,298.257223563]],PRIMEM['Greenwich',0.0],UNIT['Degree',0.0174532925199433]],PROJECTION['Albers'],PARAMETER['false_easting',0.0],PARAMETER['false_northing',0.0],PARAMETER['central_meridian',105.0],PARAMETER['standard_parallel_1',25.0],PARAMETER['standard_parallel_2',47.0],PARAMETER['latitude_of_origin',0.0],UNIT['Meter',1.0]];-17330600 -4694200 259864033.984426;-100000 10000;-100000 10000;0.001;0.001;0.001;IsHighPrecision" # 0 0 0</Process><Process ToolSource="d:\arcgis\anzhuanglujing\desktop10.6\ArcToolbox\Toolboxes\Data Management Tools.tbx\AddSpatialIndex" Date="20241030" Time="163636">AddSpatialIndex E:\旱涝急转\数据处理\标注差椭圆\涝转旱\平均中心合并线\线2003_2009.shp 220000 0 0</Process><Process ToolSource="d:\arcgis\anzhuanglujing\desktop10.6\ArcToolbox\Toolboxes\Data Management Tools.tbx\PointsToLine" Date="20241030" Time="163636">PointsToLine E:\旱涝急转\数据处理\标注差椭圆\涝转旱\平均中心合并\点2003_2009.shp E:\旱涝急转\数据处理\标注差椭圆\涝转旱\平均中心合并线\线2003_2009.shp # # NO_CLOSE</Process></lineage></DataProperties></Esri></metadata>
